Order ID,Product,Quantity Ordered,Price Each,Order Date,Purchase Address
205000,USB-C Charging Cable,1,11.95,11/09/19 10:12,"5746 Main St, Boston, MA 24087"
205001,iPhone,4,700.0,11/02/19 14:52,"3589 Main St, San Francisco, CA 81791"
205002,Apple Airpods Headphones,2,150.0,11/11/19 21:55,"2191 Main St, San Francisco, CA 63433"
205003,Apple Airpods Headphones,4,150.0,11/03/19 09:46,"5021 Main St, Dallas, TX 64524"
205004,Apple Airpods Headphones,1,150.0,11/26/19 19:10,"3351 Main St, San Francisco, CA 57398"
205005,iPhone,3,700.0,11/09/19 06:56,"2395 Main St, Seattle, WA 38165"
205006,USB-C Charging Cable,4,11.95,11/10/19 12:50,"1702 Main St, Dallas, TX 15823"
205007,USB-C Charging Cable,1,11.95,11/04/19 18:25,"1448 Main St, Los Angeles, CA 24556"
205008,27in FHD Monitor,2,149.99,11/25/19 14:22,"1976 Main St, San Francisco, CA 94799"
205009,AAA Batteries (4-pack),2,2.99,11/07/19 18:26,"3819 Main St, Boston, MA 97040"
205010,34in Ultrawide Monitor,4,379.99,11/10/19 05:15,"7394 Main St, San Francisco, CA 37666"
205011,Wired Headphones,2,11.99,11/18/19 19:26,"4051 Main St, Los Angeles, CA 54421"
205012,AAA Batteries (4-pack),1,2.99,11/02/19 15:35,"5094 Main St, Los Angeles, CA 80250"
205013,Google Phone,2,600.0,11/01/19 10:52,"2486 Main St, New York, NY 37958"
205014,Apple Airpods Headphones,2,150.0,11/06/19 10:11,"4545 Main St, San Francisco, CA 90380"
205015,34in Ultrawide Monitor,3,379.99,11/17/19 21:23,"5204 Main St, Los Angeles, CA 64215"
205016,27in FHD Monitor,3,149.99,11/01/19 01:00,"3497 Main St, Seattle, WA 14643"
205017,34in Ultrawide Monitor,1,379.99,11/09/19 17:47,"274 Main St, Dallas, TX 69087"
205018,Lightning Charging Cable,1,14.95,11/11/19 12:24,"8230 Main St, Seattle, WA 43188"
205019,27in FHD Monitor,3,149.99,11/25/19 17:03,"5973 Main St, Boston, MA 84721"
205020,27in FHD Monitor,1,149.99,11/05/19 00:34,"8668 Main St, San Francisco, CA 46741"
205021,Wired Headphones,3,11.99,11/17/19 04:03,"6962 Main St, San Francisco, CA 50447"
205022,Google Phone,3,600.0,11/26/19 22:31,"6913 Main St, Seattle, WA 28190"
205023,Google Phone,3,600.0,11/02/19 14:55,"9337 Main St, Boston, MA 11666"
205024,Wired Headphones,2,11.99,11/04/19 17:57,"6746 Main St, Seattle, WA 19119"
205025,AAA Batteries (4-pack),3,2.99,11/03/19 16:23,"1988 Main St, Los Angeles, CA 11342"
205026,USB-C Charging Cable,2,11.95,11/20/19 03:59,"432 Main St, Dallas, TX 17823"
205027,Google Phone,4,600.0,11/26/19 22:55,"9994 Main St, Dallas, TX 48618"
205028,Apple Airpods Headphones,1,150.0,11/05/19 23:39,"3851 Main St, New York, NY 69514"
205029,Lightning Charging Cable,2,14.95,11/17/19 17:39,"5520 Main St, San Francisco, CA 25519"
205030,USB-C Charging Cable,1,11.95,11/17/19 05:40,"7625 Main St, San Francisco, CA 43094"
205031,iPhone,4,700.0,11/28/19 08:53,"8865 Main St, New York, NY 28446"
205032,Wired Headphones,3,11.99,11/05/19 18:55,"6605 Main St, Seattle, WA 83396"
205033,iPhone,2,700.0,11/15/19 05:33,"6047 Main St, San Francisco, CA 81650"
205034,iPhone,4,700.0,11/11/19 22:06,"3627 Main St, Los Angeles, CA 22187"
205035,USB-C Charging Cable,3,11.95,11/28/19 02:56,"2305 Main St, Seattle, WA 54372"
205036,Lightning Charging Cable,1,14.95,11/21/19 02:33,"710 Main St, Dallas, TX 44691"
205037,Google Phone,1,600.0,11/13/19 03:17,"2262 Main St, Dallas, TX 84440"
205038,Google Phone,2,600.0,11/15/19 21:21,"4171 Main St, Boston, MA 49687"
205039,Apple Airpods Headphones,4,150.0,11/10/19 18:37,"7198 Main St, San Francisco, CA 84083"
205040,Lightning Charging Cable,4,14.95,11/05/19 11:48,"9494 Main St, New York, NY 97094"
205041,iPhone,2,700.0,11/24/19 08:33,"6149 Main St, Seattle, WA 39878"
205042,Apple Airpods Headphones,2,150.0,11/06/19 12:14,"4208 Main St, New York, NY 30514"
205043,iPhone,3,700.0,11/04/19 04:39,"4818 Main St, Seattle, WA 24077"
205044,27in FHD Monitor,4,149.99,11/07/19 01:10,"7406 Main St, San Francisco, CA 74391"
205045,iPhone,4,700.0,11/20/19 18:30,"5158 Main St, Boston, MA 92695"
205046,34in Ultrawide Monitor,3,379.99,11/17/19 18:14,"4808 Main St, Dallas, TX 87396"
205047,AA Batteries (4-pack),1,3.84,11/01/19 09:05,"5172 Main St, Los Angeles, CA 92393"
205048,34in Ultrawide Monitor,1,379.99,11/01/19 20:00,"3681 Main St, Seattle, WA 36280"
205049,27in FHD Monitor,2,149.99,11/24/19 09:33,"1035 Main St, Dallas, TX 53501"
205050,Wired Headphones,2,11.99,11/02/19 09:15,"1021 Main St, Boston, MA 98047"
205051,Wired Headphones,4,11.99,11/06/19 07:11,"9333 Main St, Boston, MA 19653"
205052,Lightning Charging Cable,2,14.95,11/19/19 09:28,"1362 Main St, New York, NY 11445"
205053,USB-C Charging Cable,3,11.95,11/26/19 21:46,"9435 Main St, Dallas, TX 77523"
205054,Google Phone,2,600.0,11/15/19 19:44,"9314 Main St, Seattle, WA 67277"
205055,AAA Batteries (4-pack),4,2.99,11/19/19 03:38,"9346 Main St, New York, NY 78283"
205056,iPhone,1,700.0,11/17/19 06:24,"9639 Main St, Seattle, WA 10980"
205057,Lightning Charging Cable,4,14.95,11/25/19 22:25,"6462 Main St, Boston, MA 23063"
205058,iPhone,1,700.0,11/27/19 18:20,"7879 Main St, Los Angeles, CA 70109"
205059,Google Phone,4,600.0,11/05/19 20:10,"393 Main St, Boston, MA 84352"
205060,Google Phone,2,600.0,11/24/19 05:46,"6737 Main St, Boston, MA 57725"
205061,Google Phone,4,600.0,11/16/19 14:12,"9887 Main St, Dallas, TX 25605"
205062,Google Phone,3,600.0,11/07/19 22:38,"7176 Main St, Los Angeles, CA 64787"
205063,Wired Headphones,2,11.99,11/24/19 17:06,"5757 Main St, San Francisco, CA 37478"
205064,Lightning Charging Cable,1,14.95,11/07/19 08:35,"1798 Main St, Los Angeles, CA 89534"
205065,Google Phone,2,600.0,11/24/19 13:38,"2738 Main St, San Francisco, CA 71949"
205066,27in FHD Monitor,3,149.99,11/08/19 00:42,"288 Main St, Boston, MA 81139"
205067,34in Ultrawide Monitor,3,379.99,11/04/19 14:57,"1330 Main St, San Francisco, CA 77040"
205068,AA Batteries (4-pack),2,3.84,11/02/19 14:57,"6229 Main St, Seattle, WA 75023"
205069,AAA Batteries (4-pack),3,2.99,11/15/19 15:06,"189 Main St, Seattle, WA 89822"
205070,Apple Airpods Headphones,3,150.0,11/22/19 15:52,"7030 Main St, Boston, MA 26492"
205071,27in FHD Monitor,2,149.99,11/15/19 02:11,"4594 Main St, Boston, MA 41849"
205072,USB-C Charging Cable,4,11.95,11/06/19 07:40,"5146 Main St, Seattle, WA 20062"
205073,AAA Batteries (4-pack),3,2.99,11/24/19 05:33,"7858 Main St, San Francisco, CA 54625"
205074,34in Ultrawide Monitor,2,379.99,11/14/19 01:04,"3880 Main St, Los Angeles, CA 63723"
205075,Apple Airpods Headphones,2,150.0,11/10/19 16:34,"9900 Main St, Seattle, WA 10533"
205076,USB-C Charging Cable,2,11.95,11/18/19 05:59,"3423 Main St, Dallas, TX 83195"
205077,Apple Airpods Headphones,2,150.0,11/13/19 02:57,"5460 Main St, Dallas, TX 24731"
205078,Lightning Charging Cable,3,14.95,11/03/19 11:38,"6347 Main St, New York, NY 47049"
205079,AA Batteries (4-pack),3,3.84,11/08/19 17:15,"3515 Main St, Los Angeles, CA 28057"
205080,AA Batteries (4-pack),4,3.84,11/25/19 01:02,"4108 Main St, New York, NY 25931"
205081,34in Ultrawide Monitor,1,379.99,11/10/19 17:34,"7959 Main St, Los Angeles, CA 90176"
205082,27in FHD Monitor,2,149.99,11/09/19 20:06,"4991 Main St, Dallas, TX 59717"
205083,iPhone,2,700.0,11/22/19 00:38,"6633 Main St, Los Angeles, CA 71021"
205084,Apple Airpods Headphones,3,150.0,11/25/19 15:34,"6711 Main St, New York, NY 83222"
205085,Wired Headphones,1,11.99,11/24/19 03:21,"8849 Main St, Dallas, TX 61565"
205086,AA Batteries (4-pack),1,3.84,11/21/19 11:38,"4033 Main St, Dallas, TX 38188"
205087,Wired Headphones,1,11.99,11/16/19 23:43,"5433 Main St, Dallas, TX 94270"
205088,USB-C Charging Cable,3,11.95,11/14/19 11:44,"6191 Main St, Seattle, WA 44785"
205089,Wired Headphones,2,11.99,11/26/19 04:55,"3752 Main St, Dallas, TX 14360"
205090,27in FHD Monitor,3,149.99,11/18/19 15:39,"1223 Main St, Dallas, TX 63952"
205091,Google Phone,4,600.0,11/17/19 00:31,"2808 Main St, Los Angeles, CA 83105"
205092,iPhone,4,700.0,11/04/19 06:44,"1289 Main St, Los Angeles, CA 17283"
205093,Wired Headphones,3,11.99,11/10/19 14:10,"5877 Main St, Boston, MA 91124"
205094,27in FHD Monitor,1,149.99,11/18/19 14:50,"3237 Main St, Boston, MA 29868"
205095,iPhone,3,700.0,11/17/19 19:22,"7880 Main St, Boston, MA 95800"
205096,Google Phone,2,600.0,11/25/19 04:19,"9405 Main St, Dallas, TX 35567"
205097,AAA Batteries (4-pack),4,2.99,11/12/19 20:57,"3914 Main St, Seattle, WA 99340"
205098,27in FHD Monitor,3,149.99,11/25/19 00:20,"5209 Main St, Boston, MA 68926"
205099,Wired Headphones,3,11.99,11/13/19 20:52,"4957 Main St, New York, NY 34937"
205100,Wired Headphones,4,11.99,11/28/19 03:58,"7340 Main St, San Francisco, CA 44314"
205101,Apple Airpods Headphones,3,150.0,11/01/19 17:27,"3689 Main St, Seattle, WA 59590"
205102,USB-C Charging Cable,3,11.95,11/22/19 08:46,"778 Main St, Dallas, TX 79446"
205103,34in Ultrawide Monitor,4,379.99,11/02/19 02:52,"8450 Main St, Los Angeles, CA 59667"
205104,AA Batteries (4-pack),1,3.84,11/15/19 06:06,"8619 Main St, Dallas, TX 95763"
205105,iPhone,1,700.0,11/09/19 06:17,"8093 Main St, Boston, MA 20758"
205106,Wired Headphones,1,11.99,11/16/19 17:56,"1622 Main St, Seattle, WA 20057"
205107,Apple Airpods Headphones,1,150.0,11/05/19 12:19,"9007 Main St, San Francisco, CA 45471"
205108,Google Phone,1,600.0,11/17/19 06:44,"5382 Main St, Dallas, TX 30859"
205109,Google Phone,3,600.0,11/13/19 12:13,"4700 Main St, New York, NY 79592"
205110,USB-C Charging Cable,2,11.95,11/27/19 22:31,"4509 Main St, Los Angeles, CA 11486"
205111,Lightning Charging Cable,4,14.95,11/19/19 01:57,"4001 Main St, Los Angeles, CA 36645"
205112,USB-C Charging Cable,2,11.95,11/05/19 08:43,"2255 Main St, Boston, MA 64958"
205113,Wired Headphones,3,11.99,11/12/19 18:14,"4348 Main St, Boston, MA 45297"
205114,Lightning Charging Cable,4,14.95,11/23/19 21:13,"4420 Main St, San Francisco, CA 31352"
205115,Lightning Charging Cable,1,14.95,11/11/19 13:16,"4624 Main St, New York, NY 69340"
205116,34in Ultrawide Monitor,2,379.99,11/28/19 08:23,"928 Main St, Dallas, TX 81485"
205117,USB-C Charging Cable,4,11.95,11/07/19 20:42,"7670 Main St, Los Angeles, CA 88585"
205118,USB-C Charging Cable,4,11.95,11/28/19 00:26,"4132 Main St, San Francisco, CA 75909"
205119,iPhone,2,700.0,11/09/19 18:18,"7427 Main St, San Francisco, CA 28533"
205120,27in FHD Monitor,3,149.99,11/04/19 11:33,"1235 Main St, New York, NY 84047"
205121,Apple Airpods Headphones,4,150.0,11/06/19 15:44,"5920 Main St, Seattle, WA 75660"
205122,USB-C Charging Cable,3,11.95,11/17/19 19:55,"8810 Main St, Boston, MA 32783"
205123,iPhone,2,700.0,11/05/19 17:31,"4175 Main St, Boston, MA 15196"
205124,AAA Batteries (4-pack),4,2.99,11/26/19 01:56,"7947 Main St, Dallas, TX 63706"
205125,AAA Batteries (4-pack),1,2.99,11/19/19 05:12,"5207 Main St, Los Angeles, CA 35074"
205126,AAA Batteries (4-pack),3,2.99,11/07/19 16:29,"8335 Main St, Los Angeles, CA 42436"
205127,34in Ultrawide Monitor,2,379.99,11/26/19 22:19,"4873 Main St, Seattle, WA 17874"
205128,27in FHD Monitor,2,149.99,11/03/19 06:08,"2868 Main St, Dallas, TX 73382"
205129,iPhone,1,700.0,11/18/19 08:28,"7558 Main St, Boston, MA 70569"
205130,Lightning Charging Cable,3,14.95,11/17/19 21:09,"714 Main St, Seattle, WA 40836"
205131,Lightning Charging Cable,4,14.95,11/26/19 16:50,"9003 Main St, Boston, MA 93501"
205132,Apple Airpods Headphones,4,150.0,11/24/19 21:48,"9936 Main St, Boston, MA 83014"
205133,27in FHD Monitor,2,149.99,11/15/19 06:34,"3256 Main St, Los Angeles, CA 90726"
205134,Wired Headphones,2,11.99,11/18/19 02:59,"2855 Main St, San Francisco, CA 50153"
205135,USB-C Charging Cable,4,11.95,11/23/19 16:58,"7105 Main St, New York, NY 27545"
205136,Apple Airpods Headphones,2,150.0,11/06/19 20:09,"3925 Main St, New York, NY 81466"
205137,USB-C Charging Cable,2,11.95,11/06/19 07:04,"3825 Main St, Seattle, WA 30931"
205138,Google Phone,1,600.0,11/10/19 08:02,"6456 Main St, Dallas, TX 99649"
205139,Wired Headphones,2,11.99,11/18/19 15:57,"4610 Main St, San Francisco, CA 10645"
205140,USB-C Charging Cable,4,11.95,11/27/19 04:09,"2571 Main St, San Francisco, CA 93850"
205141,AAA Batteries (4-pack),3,2.99,11/03/19 23:11,"3986 Main St, Los Angeles, CA 40217"
205142,USB-C Charging Cable,1,11.95,11/09/19 11:45,"3061 Main St, New York, NY 26213"
205143,Apple Airpods Headphones,1,150.0,11/02/19 18:54,"7659 Main St, New York, NY 10460"
205144,27in FHD Monitor,3,149.99,11/23/19 15:29,"9250 Main St, Boston, MA 91253"
205145,Wired Headphones,4,11.99,11/07/19 09:29,"4337 Main St, Boston, MA 69005"
205146,AA Batteries (4-pack),3,3.84,11/22/19 17:36,"3065 Main St, Dallas, TX 74513"
205147,Google Phone,2,600.0,11/15/19 14:48,"1192 Main St, San Francisco, CA 54629"
205148,AAA Batteries (4-pack),2,2.99,11/17/19 13:51,"4610 Main St, Los Angeles, CA 41456"
205149,Apple Airpods Headphones,1,150.0,11/12/19 06:57,"7306 Main St, Los Angeles, CA 89826"
205150,Lightning Charging Cable,1,14.95,11/18/19 00:03,"8100 Main St, Los Angeles, CA 43917"
205151,AA Batteries (4-pack),4,3.84,11/15/19 17:40,"4882 Main St, San Francisco, CA 20944"
205152,AAA Batteries (4-pack),1,2.99,11/02/19 07:06,"1535 Main St, Los Angeles, CA 18948"
205153,USB-C Charging Cable,4,11.95,11/02/19 22:22,"9980 Main St, Los Angeles, CA 97462"
205154,Lightning Charging Cable,3,14.95,11/24/19 21:37,"965 Main St, San Francisco, CA 82267"
205155,iPhone,3,700.0,11/13/19 05:55,"9607 Main St, San Francisco, CA 26197"
205156,Apple Airpods Headphones,3,150.0,11/24/19 05:08,"2563 Main St, Dallas, TX 49196"
205157,Google Phone,3,600.0,11/24/19 04:00,"9453 Main St, Seattle, WA 42004"
205158,AA Batteries (4-pack),4,3.84,11/16/19 14:06,"1775 Main St, New York, NY 58554"
205159,Lightning Charging Cable,3,14.95,11/02/19 06:01,"50 Main St, Los Angeles, CA 80308"
205160,Lightning Charging Cable,2,14.95,11/19/19 18:43,"6850 Main St, Seattle, WA 22741"
205161,AAA Batteries (4-pack),1,2.99,11/20/19 08:45,"6049 Main St, Dallas, TX 54165"
205162,USB-C Charging Cable,1,11.95,11/13/19 17:55,"4450 Main St, Seattle, WA 71594"
205163,34in Ultrawide Monitor,2,379.99,11/06/19 08:28,"4138 Main St, Dallas, TX 90395"
205164,Lightning Charging Cable,4,14.95,11/24/19 07:58,"4881 Main St, San Francisco, CA 47096"
205165,Google Phone,1,600.0,11/25/19 03:51,"671 Main St, Dallas, TX 87161"
205166,AAA Batteries (4-pack),3,2.99,11/15/19 21:40,"5717 Main St, San Francisco, CA 20351"
205167,Google Phone,2,600.0,11/02/19 03:57,"8090 Main St, Dallas, TX 32260"
205168,iPhone,4,700.0,11/06/19 13:05,"2583 Main St, New York, NY 44599"
205169,iPhone,3,700.0,11/25/19 16:32,"9764 Main St, Boston, MA 48969"
205170,Google Phone,2,600.0,11/05/19 15:25,"8181 Main St, San Francisco, CA 65952"
205171,AAA Batteries (4-pack),1,2.99,11/02/19 15:57,"2045 Main St, San Francisco, CA 52944"
205172,AA Batteries (4-pack),1,3.84,11/07/19 19:13,"8535 Main St, Boston, MA 40782"
205173,AA Batteries (4-pack),4,3.84,11/18/19 02:17,"2041 Main St, Dallas, TX 22522"
205174,AAA Batteries (4-pack),1,2.99,11/05/19 01:33,"4890 Main St, Boston, MA 53109"
205175,Wired Headphones,2,11.99,11/28/19 12:33,"3319 Main St, San Francisco, CA 65558"
205176,34in Ultrawide Monitor,1,379.99,11/15/19 09:28,"3992 Main St, New York, NY 27809"
205177,iPhone,2,700.0,11/14/19 21:04,"815 Main St, Los Angeles, CA 63415"
205178,Apple Airpods Headphones,2,150.0,11/26/19 10:19,"2548 Main St, Dallas, TX 37604"
205179,AAA Batteries (4-pack),1,2.99,11/15/19 18:53,"9874 Main St, Seattle, WA 49809"
205180,USB-C Charging Cable,1,11.95,11/13/19 00:18,"5377 Main St, Los Angeles, CA 93162"
205181,27in FHD Monitor,4,149.99,11/06/19 16:08,"1711 Main St, San Francisco, CA 89245"
205182,Wired Headphones,2,11.99,11/14/19 04:06,"6924 Main St, Los Angeles, CA 65451"
205183,Apple Airpods Headphones,3,150.0,11/09/19 05:35,"6825 Main St, Seattle, WA 85981"
205184,34in Ultrawide Monitor,4,379.99,11/07/19 02:55,"6940 Main St, Dallas, TX 69112"
205185,27in FHD Monitor,2,149.99,11/14/19 12:50,"9011 Main St, Dallas, TX 78297"
205186,AAA Batteries (4-pack),2,2.99,11/21/19 03:02,"1989 Main St, New York, NY 94797"
205187,Lightning Charging Cable,1,14.95,11/09/19 06:14,"3010 Main St, Los Angeles, CA 38448"
205188,27in FHD Monitor,2,149.99,11/13/19 14:16,"7170 Main St, New York, NY 46510"
205189,iPhone,4,700.0,11/23/19 14:50,"3262 Main St, Seattle, WA 87227"
205190,Google Phone,4,600.0,11/03/19 01:10,"6605 Main St, Seattle, WA 69695"
205191,Wired Headphones,2,11.99,11/26/19 22:38,"8384 Main St, New York, NY 90198"
205192,iPhone,1,700.0,11/07/19 11:15,"4511 Main St, New York, NY 92291"
205193,Apple Airpods Headphones,1,150.0,11/18/19 16:48,"8730 Main St, San Francisco, CA 81434"
205194,Apple Airpods Headphones,4,150.0,11/02/19 05:33,"7242 Main St, New York, NY 26074"
205195,Google Phone,2,600.0,11/11/19 10:56,"3047 Main St, San Francisco, CA 72174"
205196,Google Phone,1,600.0,11/05/19 11:07,"335 Main St, San Francisco, CA 84190"
205197,Wired Headphones,2,11.99,11/18/19 00:48,"4593 Main St, San Francisco, CA 35075"
205198,Lightning Charging Cable,3,14.95,11/27/19 08:07,"3295 Main St, Boston, MA 44366"
205199,Wired Headphones,2,11.99,11/28/19 20:20,"742 Main St, Seattle, WA 16597"
205200,iPhone,4,700.0,11/17/19 14:38,"8917 Main St, Boston, MA 50568"
205201,Wired Headphones,1,11.99,11/11/19 03:55,"5119 Main St, San Francisco, CA 73101"
205202,34in Ultrawide Monitor,2,379.99,11/19/19 12:28,"4499 Main St, Dallas, TX 73950"
205203,USB-C Charging Cable,4,11.95,11/18/19 06:13,"2029 Main St, Boston, MA 77945"
205204,iPhone,4,700.0,11/02/19 00:38,"4229 Main St, Los Angeles, CA 68151"
205205,Google Phone,3,600.0,11/08/19 12:37,"5933 Main St, Dallas, TX 31526"
205206,AAA Batteries (4-pack),4,2.99,11/22/19 00:03,"5571 Main St, San Francisco, CA 27617"
205207,AA Batteries (4-pack),1,3.84,11/08/19 19:30,"8171 Main St, San Francisco, CA 60789"
205208,AA Batteries (4-pack),1,3.84,11/04/19 05:53,"8389 Main St, San Francisco, CA 75386"
205209,AA Batteries (4-pack),4,3.84,11/13/19 23:07,"8706 Main St, Dallas, TX 61321"
205210,34in Ultrawide Monitor,2,379.99,11/15/19 01:52,"8704 Main St, Dallas, TX 40570"
205211,AA Batteries (4-pack),2,3.84,11/07/19 02:43,"3662 Main St, Seattle, WA 83844"
205212,Google Phone,1,600.0,11/13/19 17:25,"9529 Main St, San Francisco, CA 50269"
205213,Apple Airpods Headphones,4,150.0,11/07/19 21:11,"829 Main St, Los Angeles, CA 11477"
205214,Apple Airpods Headphones,3,150.0,11/21/19 03:06,"7517 Main St, San Francisco, CA 45615"
205215,USB-C Charging Cable,2,11.95,11/04/19 18:32,"3321 Main St, Dallas, TX 66908"
205216,iPhone,2,700.0,11/18/19 03:19,"5511 Main St, Los Angeles, CA 50586"
205217,iPhone,2,700.0,11/13/19 14:55,"1150 Main St, Boston, MA 35173"
205218,iPhone,4,700.0,11/10/19 12:40,"843 Main St, New York, NY 32993"
205219,USB-C Charging Cable,3,11.95,11/22/19 03:00,"1583 Main St, New York, NY 88847"
205220,27in FHD Monitor,4,149.99,11/20/19 04:57,"1456 Main St, Los Angeles, CA 33989"
205221,AA Batteries (4-pack),3,3.84,11/14/19 19:54,"6141 Main St, New York, NY 12650"
205222,Lightning Charging Cable,3,14.95,11/01/19 15:54,"8105 Main St, Los Angeles, CA 57102"
205223,27in FHD Monitor,3,149.99,11/23/19 04:37,"5733 Main St, New York, NY 88619"
205224,Apple Airpods Headphones,1,150.0,11/24/19 13:14,"264 Main St, Seattle, WA 91543"
205225,Wired Headphones,1,11.99,11/17/19 02:35,"181 Main St, New York, NY 46613"
205226,Lightning Charging Cable,1,14.95,11/17/19 20:38,"7473 Main St, Los Angeles, CA 55697"
205227,Apple Airpods Headphones,3,150.0,11/28/19 13:49,"34 Main St, New York, NY 86796"
205228,USB-C Charging Cable,2,11.95,11/21/19 09:39,"5407 Main St, New York, NY 59959"
205229,Lightning Charging Cable,2,14.95,11/06/19 12:08,"9676 Main St, San Francisco, CA 49977"
205230,Wired Headphones,2,11.99,11/12/19 17:20,"880 Main St, San Francisco, CA 61723"
205231,Lightning Charging Cable,1,14.95,11/10/19 23:34,"9857 Main St, Seattle, WA 16841"
205232,Wired Headphones,3,11.99,11/21/19 19:10,"4408 Main St, Boston, MA 42886"
205233,Wired Headphones,3,11.99,11/01/19 16:54,"6668 Main St, Dallas, TX 22952"
205234,AA Batteries (4-pack),4,3.84,11/15/19 14:02,"3948 Main St, Los Angeles, CA 80057"
205235,USB-C Charging Cable,1,11.95,11/24/19 22:29,"1327 Main St, Boston, MA 26073"
205236,Wired Headphones,4,11.99,11/11/19 06:28,"1813 Main St, New York, NY 65769"
205237,iPhone,4,700.0,11/28/19 03:25,"411 Main St, Los Angeles, CA 58554"
205238,Apple Airpods Headphones,3,150.0,11/21/19 00:36,"5840 Main St, Los Angeles, CA 44696"
205239,Wired Headphones,2,11.99,11/04/19 14:12,"589 Main St, Boston, MA 38757"
205240,27in FHD Monitor,2,149.99,11/12/19 07:47,"4943 Main St, Seattle, WA 42374"
205241,iPhone,3,700.0,11/01/19 13:27,"7562 Main St, New York, NY 43632"
205242,USB-C Charging Cable,4,11.95,11/22/19 07:40,"6016 Main St, New York, NY 56037"
205243,AAA Batteries (4-pack),2,2.99,11/17/19 10:35,"2049 Main St, Boston, MA 76977"
205244,Apple Airpods Headphones,3,150.0,11/05/19 17:17,"9714 Main St, Seattle, WA 46507"
205245,AAA Batteries (4-pack),1,2.99,11/05/19 07:27,"3341 Main St, Dallas, TX 64267"
205246,Google Phone,1,600.0,11/06/19 17:03,"7355 Main St, San Francisco, CA 93544"
205247,34in Ultrawide Monitor,2,379.99,11/06/19 21:46,"2770 Main St, New York, NY 11670"
205248,Apple Airpods Headphones,2,150.0,11/10/19 08:10,"4953 Main St, Dallas, TX 11658"
205249,iPhone,3,700.0,11/09/19 10:49,"6130 Main St, Dallas, TX 10928"
205250,34in Ultrawide Monitor,3,379.99,11/12/19 00:34,"1334 Main St, Boston, MA 81071"
205251,USB-C Charging Cable,1,11.95,11/21/19 05:42,"7677 Main St, New York, NY 46155"
205252,Google Phone,1,600.0,11/16/19 12:02,"6883 Main St, Dallas, TX 16743"
205253,USB-C Charging Cable,1,11.95,11/12/19 00:04,"1874 Main St, Dallas, TX 35433"
205254,Google Phone,3,600.0,11/24/19 05:02,"636 Main St, Boston, MA 57675"
205255,Google Phone,3,600.0,11/23/19 09:29,"3583 Main St, Los Angeles, CA 50522"
205256,Wired Headphones,2,11.99,11/01/19 03:05,"5050 Main St, Los Angeles, CA 88169"
205257,Google Phone,4,600.0,11/05/19 16:56,"1799 Main St, Dallas, TX 64499"
205258,iPhone,1,700.0,11/12/19 21:30,"7189 Main St, New York, NY 71403"
205259,27in FHD Monitor,4,149.99,11/10/19 15:05,"5896 Main St, Seattle, WA 31750"
205260,iPhone,1,700.0,11/07/19 09:02,"4862 Main St, New York, NY 86140"
205261,USB-C Charging Cable,1,11.95,11/03/19 11:13,"8337 Main St, New York, NY 39296"
205262,Lightning Charging Cable,1,14.95,11/02/19 09:11,"6323 Main St, New York, NY 76585"
205263,34in Ultrawide Monitor,2,379.99,11/19/19 08:53,"7674 Main St, New York, NY 54207"
205264,Apple Airpods Headphones,2,150.0,11/03/19 03:02,"5350 Main St, New York, NY 79546"
205265,AAA Batteries (4-pack),1,2.99,11/16/19 13:41,"3508 Main St, Boston, MA 50506"
205266,USB-C Charging Cable,1,11.95,11/25/19 15:43,"858 Main St, Seattle, WA 67689"
205267,Lightning Charging Cable,4,14.95,11/15/19 13:56,"5220 Main St, Los Angeles, CA 33090"
205268,34in Ultrawide Monitor,2,379.99,11/15/19 23:57,"8553 Main St, Los Angeles, CA 21314"
205269,27in FHD Monitor,1,149.99,11/17/19 21:53,"661 Main St, Seattle, WA 53137"
205270,AAA Batteries (4-pack),4,2.99,11/22/19 02:30,"375 Main St, San Francisco, CA 36289"
205271,Lightning Charging Cable,2,14.95,11/15/19 18:07,"745 Main St, Boston, MA 30744"
205272,iPhone,1,700.0,11/27/19 10:31,"1341 Main St, Dallas, TX 88809"
205273,Wired Headphones,1,11.99,11/19/19 05:08,"497 Main St, Los Angeles, CA 12930"
205274,Google Phone,3,600.0,11/04/19 09:28,"5171 Main St, New York, NY 84932"
205275,AA Batteries (4-pack),1,3.84,11/17/19 12:55,"5282 Main St, Los Angeles, CA 63841"
205276,Wired Headphones,4,11.99,11/02/19 13:56,"887 Main St, San Francisco, CA 32858"
205277,AA Batteries (4-pack),4,3.84,11/28/19 22:12,"199 Main St, Los Angeles, CA 63241"
205278,iPhone,1,700.0,11/12/19 10:18,"2633 Main St, San Francisco, CA 46645"
205279,34in Ultrawide Monitor,4,379.99,11/28/19 05:18,"8655 Main St, Los Angeles, CA 74713"
205280,34in Ultrawide Monitor,2,379.99,11/03/19 17:16,"121 Main St, Boston, MA 75588"
205281,Apple Airpods Headphones,3,150.0,11/01/19 05:00,"6589 Main St, Dallas, TX 30741"
205282,Lightning Charging Cable,2,14.95,11/09/19 17:34,"5709 Main St, Boston, MA 47459"
205283,34in Ultrawide Monitor,2,379.99,11/13/19 17:02,"4628 Main St, Los Angeles, CA 56085"
205284,AA Batteries (4-pack),3,3.84,11/26/19 13:56,"6470 Main St, Seattle, WA 42179"
205285,AAA Batteries (4-pack),4,2.99,11/12/19 10:11,"4573 Main St, Seattle, WA 66605"
205286,Apple Airpods Headphones,4,150.0,11/23/19 01:09,"4950 Main St, Seattle, WA 52618"
205287,Google Phone,2,600.0,11/25/19 10:21,"6482 Main St, Boston, MA 79077"
205288,USB-C Charging Cable,2,11.95,11/19/19 18:39,"7572 Main St, Dallas, TX 49650"
205289,Lightning Charging Cable,1,14.95,11/27/19 13:24,"6059 Main St, Dallas, TX 88340"
205290,Lightning Charging Cable,4,14.95,11/25/19 22:38,"672 Main St, New York, NY 50776"
205291,AA Batteries (4-pack),1,3.84,11/26/19 08:07,"3768 Main St, Seattle, WA 77567"
205292,34in Ultrawide Monitor,4,379.99,11/28/19 19:31,"196 Main St, San Francisco, CA 59470"
205293,Apple Airpods Headphones,1,150.0,11/04/19 10:54,"7109 Main St, Los Angeles, CA 96711"
205294,AA Batteries (4-pack),1,3.84,11/06/19 16:58,"2270 Main St, Los Angeles, CA 55735"
205295,Wired Headphones,2,11.99,11/17/19 02:56,"2963 Main St, Dallas, TX 66963"
205296,iPhone,1,700.0,11/17/19 08:12,"5033 Main St, Boston, MA 54869"
205297,USB-C Charging Cable,4,11.95,11/11/19 01:46,"6656 Main St, San Francisco, CA 56174"
205298,Google Phone,2,600.0,11/08/19 22:38,"8641 Main St, Dallas, TX 15223"
205299,Lightning Charging Cable,2,14.95,11/01/19 20:27,"831 Main St, New York, NY 49010"
205300,Apple Airpods Headphones,1,150.0,11/01/19 06:53,"7990 Main St, Boston, MA 29080"
205301,Wired Headphones,2,11.99,11/22/19 04:45,"626 Main St, Boston, MA 88815"
205302,Google Phone,3,600.0,11/24/19 11:28,"6692 Main St, San Francisco, CA 75178"
205303,Google Phone,4,600.0,11/01/19 05:02,"6610 Main St, San Francisco, CA 85207"
205304,Google Phone,2,600.0,11/24/19 07:38,"8354 Main St, San Francisco, CA 58650"
205305,Wired Headphones,2,11.99,11/11/19 09:59,"2190 Main St, Los Angeles, CA 24596"
205306,27in FHD Monitor,2,149.99,11/02/19 14:08,"7237 Main St, Dallas, TX 10477"
205307,AAA Batteries (4-pack),3,2.99,11/07/19 20:20,"9118 Main St, New York, NY 91520"
205308,USB-C Charging Cable,1,11.95,11/18/19 12:34,"275 Main St, Seattle, WA 13334"
205309,AAA Batteries (4-pack),4,2.99,11/24/19 23:47,"6878 Main St, Seattle, WA 98050"
205310,AA Batteries (4-pack),1,3.84,11/02/19 20:23,"6222 Main St, Los Angeles, CA 66054"
205311,AA Batteries (4-pack),2,3.84,11/04/19 03:25,"381 Main St, Dallas, TX 97586"
205312,AA Batteries (4-pack),4,3.84,11/06/19 22:52,"6347 Main St, Boston, MA 22394"
205313,USB-C Charging Cable,3,11.95,11/19/19 03:23,"2609 Main St, Los Angeles, CA 23981"
205314,Google Phone,2,600.0,11/26/19 03:42,"2828 Main St, Seattle, WA 88546"
205315,27in FHD Monitor,4,149.99,11/27/19 22:05,"7967 Main St, Boston, MA 67550"
205316,Lightning Charging Cable,4,14.95,11/11/19 07:53,"6428 Main St, Seattle, WA 76957"
205317,Wired Headphones,1,11.99,11/02/19 09:20,"52 Main St, San Francisco, CA 95850"
205318,27in FHD Monitor,4,149.99,11/02/19 19:37,"7358 Main St, New York, NY 62245"
205319,27in FHD Monitor,3,149.99,11/11/19 22:41,"895 Main St, San Francisco, CA 32877"
205320,Google Phone,3,600.0,11/15/19 08:13,"3701 Main St, Dallas, TX 60247"
205321,27in FHD Monitor,4,149.99,11/28/19 01:13,"963 Main St, Seattle, WA 89475"
205322,AAA Batteries (4-pack),3,2.99,11/08/19 08:03,"9814 Main St, Boston, MA 80268"
205323,AA Batteries (4-pack),2,3.84,11/12/19 12:20,"3353 Main St, Seattle, WA 34608"
205324,iPhone,3,700.0,11/19/19 10:36,"6046 Main St, Dallas, TX 85424"
205325,USB-C Charging Cable,4,11.95,11/22/19 09:22,"5745 Main St, New York, NY 66117"
205326,Lightning Charging Cable,2,14.95,11/24/19 05:08,"2912 Main St, San Francisco, CA 32585"
205327,Wired Headphones,4,11.99,11/01/19 02:31,"4326 Main St, Dallas, TX 99995"
205328,iPhone,3,700.0,11/16/19 17:13,"2619 Main St, New York, NY 60998"
205329,USB-C Charging Cable,2,11.95,11/16/19 16:09,"1411 Main St, San Francisco, CA 71353"
205330,AAA Batteries (4-pack),3,2.99,11/02/19 03:28,"8477 Main St, San Francisco, CA 37229"
205331,AA Batteries (4-pack),3,3.84,11/14/19 08:08,"2765 Main St, New York, NY 75659"
205332,AAA Batteries (4-pack),1,2.99,11/11/19 10:51,"7431 Main St, Los Angeles, CA 81890"
205333,USB-C Charging Cable,4,11.95,11/21/19 15:51,"5835 Main St, San Francisco, CA 92210"
205334,Lightning Charging Cable,4,14.95,11/13/19 07:58,"9383 Main St, Dallas, TX 80559"
205335,iPhone,3,700.0,11/02/19 17:42,"2029 Main St, San Francisco, CA 26222"
205336,Wired Headphones,4,11.99,11/28/19 07:31,"7251 Main St, San Francisco, CA 24040"
205337,34in Ultrawide Monitor,1,379.99,11/17/19 19:11,"7661 Main St, Dallas, TX 26965"
205338,Google Phone,1,600.0,11/08/19 15:19,"9750 Main St, Seattle, WA 50596"
205339,Wired Headphones,2,11.99,11/05/19 18:01,"9908 Main St, Boston, MA 21006"
205340,Wired Headphones,4,11.99,11/04/19 02:41,"4188 Main St, San Francisco, CA 81685"
205341,Wired Headphones,2,11.99,11/13/19 17:13,"4089 Main St, San Francisco, CA 73400"
205342,AA Batteries (4-pack),1,3.84,11/25/19 03:02,"4436 Main St, Seattle, WA 40821"
205343,Wired Headphones,2,11.99,11/19/19 15:39,"7256 Main St, Boston, MA 56509"
205344,AA Batteries (4-pack),3,3.84,11/16/19 03:08,"6666 Main St, Los Angeles, CA 71457"
205345,Lightning Charging Cable,1,14.95,11/21/19 22:19,"7880 Main St, Seattle, WA 93634"
205346,iPhone,2,700.0,11/25/19 18:26,"1049 Main St, New York, NY 30124"
205347,27in FHD Monitor,1,149.99,11/19/19 00:05,"7545 Main St, Boston, MA 37396"
205348,34in Ultrawide Monitor,4,379.99,11/15/19 21:03,"3214 Main St, Dallas, TX 73289"
205349,iPhone,4,700.0,11/16/19 06:08,"183 Main St, Boston, MA 86307"
205350,Google Phone,2,600.0,11/08/19 18:48,"5470 Main St, New York, NY 22871"
205351,iPhone,1,700.0,11/06/19 05:08,"2863 Main St, Dallas, TX 14713"
205352,USB-C Charging Cable,1,11.95,11/07/19 04:12,"9255 Main St, San Francisco, CA 80186"
205353,AA Batteries (4-pack),2,3.84,11/26/19 04:30,"5379 Main St, New York, NY 11481"
205354,USB-C Charging Cable,1,11.95,11/19/19 04:00,"670 Main St, San Francisco, CA 95084"
205355,iPhone,2,700.0,11/22/19 02:27,"4443 Main St, Dallas, TX 78053"
205356,34in Ultrawide Monitor,2,379.99,11/23/19 01:56,"5725 Main St, Dallas, TX 65072"
205357,AA Batteries (4-pack),4,3.84,11/23/19 02:00,"1323 Main St, Los Angeles, CA 20353"
205358,Apple Airpods Headphones,3,150.0,11/25/19 16:48,"8973 Main St, Dallas, TX 19598"
205359,AAA Batteries (4-pack),1,2.99,11/28/19 05:35,"1170 Main St, Seattle, WA 37130"
205360,AA Batteries (4-pack),3,3.84,11/13/19 13:02,"304 Main St, Dallas, TX 71536"
205361,AAA Batteries (4-pack),4,2.99,11/11/19 01:33,"7575 Main St, Dallas, TX 19779"
205362,27in FHD Monitor,1,149.99,11/04/19 06:54,"7998 Main St, Boston, MA 17981"
205363,iPhone,3,700.0,11/05/19 09:17,"220 Main St, San Francisco, CA 32462"
205364,Google Phone,1,600.0,11/02/19 12:27,"3370 Main St, Boston, MA 87091"
205365,AA Batteries (4-pack),2,3.84,11/14/19 18:23,"5248 Main St, Seattle, WA 13532"
205366,Apple Airpods Headphones,2,150.0,11/22/19 05:43,"2387 Main St, Los Angeles, CA 63745"
205367,USB-C Charging Cable,3,11.95,11/14/19 18:55,"5161 Main St, Boston, MA 17623"
205368,Lightning Charging Cable,3,14.95,11/20/19 09:28,"1123 Main St, Boston, MA 72163"
205369,AA Batteries (4-pack),1,3.84,11/01/19 21:38,"5062 Main St, New York, NY 64374"
205370,AAA Batteries (4-pack),3,2.99,11/15/19 12:44,"7938 Main St, Seattle, WA 43318"
205371,USB-C Charging Cable,2,11.95,11/24/19 11:18,"843 Main St, Boston, MA 69441"
205372,Google Phone,4,600.0,11/07/19 03:20,"2920 Main St, Los Angeles, CA 20737"
205373,AA Batteries (4-pack),3,3.84,11/07/19 19:33,"8922 Main St, New York, NY 10089"
205374,USB-C Charging Cable,3,11.95,11/15/19 03:27,"8586 Main St, Dallas, TX 16191"
205375,27in FHD Monitor,2,149.99,11/03/19 06:39,"6490 Main St, Seattle, WA 18488"
205376,AA Batteries (4-pack),4,3.84,11/11/19 20:34,"917 Main St, San Francisco, CA 72360"
205377,Apple Airpods Headphones,3,150.0,11/23/19 11:11,"7645 Main St, New York, NY 42953"
205378,34in Ultrawide Monitor,1,379.99,11/26/19 21:45,"1123 Main St, San Francisco, CA 52729"
205379,AAA Batteries (4-pack),3,2.99,11/04/19 15:29,"9295 Main St, San Francisco, CA 13972"
205380,Google Phone,1,600.0,11/16/19 13:41,"1904 Main St, San Francisco, CA 75046"
205381,Lightning Charging Cable,2,14.95,11/22/19 11:37,"3449 Main St, Seattle, WA 14876"
205382,27in FHD Monitor,3,149.99,11/06/19 21:37,"1335 Main St, Los Angeles, CA 28439"
205383,AAA Batteries (4-pack),3,2.99,11/27/19 22:40,"1158 Main St, Seattle, WA 50219"
205384,AA Batteries (4-pack),4,3.84,11/14/19 12:46,"4488 Main St, Los Angeles, CA 60226"
205385,Apple Airpods Headphones,1,150.0,11/06/19 02:31,"5644 Main St, Los Angeles, CA 95354"
205386,AA Batteries (4-pack),2,3.84,11/18/19 12:46,"6966 Main St, New York, NY 51808"
205387,AAA Batteries (4-pack),4,2.99,11/27/19 21:17,"4758 Main St, Los Angeles, CA 62154"
205388,Apple Airpods Headphones,3,150.0,11/14/19 14:55,"4410 Main St, New York, NY 80729"
205389,Wired Headphones,1,11.99,11/13/19 15:09,"675 Main St, Dallas, TX 64868"
205390,USB-C Charging Cable,1,11.95,11/27/19 03:30,"6244 Main St, Seattle, WA 23840"
205391,34in Ultrawide Monitor,1,379.99,11/23/19 08:22,"7938 Main St, Los Angeles, CA 32457"
205392,AAA Batteries (4-pack),4,2.99,11/20/19 21:46,"1441 Main St, San Francisco, CA 23163"
205393,USB-C Charging Cable,3,11.95,11/21/19 09:36,"5917 Main St, San Francisco, CA 24351"
205394,Lightning Charging Cable,1,14.95,11/02/19 23:29,"3821 Main St, Seattle, WA 76521"
205395,USB-C Charging Cable,2,11.95,11/07/19 10:50,"9328 Main St, New York, NY 77923"
205396,AA Batteries (4-pack),2,3.84,11/12/19 12:48,"1862 Main St, Dallas, TX 43558"
205397,Apple Airpods Headphones,2,150.0,11/01/19 22:23,"8903 Main St, Seattle, WA 87618"
205398,AA Batteries (4-pack),1,3.84,11/07/19 16:19,"4178 Main St, Boston, MA 20506"
205399,Google Phone,1,600.0,11/05/19 21:35,"4080 Main St, Seattle, WA 34194"
205400,34in Ultrawide Monitor,1,379.99,11/06/19 02:02,"7095 Main St, Los Angeles, CA 57497"
205401,USB-C Charging Cable,1,11.95,11/01/19 15:22,"72 Main St, San Francisco, CA 76430"
205402,Apple Airpods Headphones,1,150.0,11/24/19 13:02,"9060 Main St, Boston, MA 79485"
205403,34in Ultrawide Monitor,1,379.99,11/13/19 01:31,"4881 Main St, Los Angeles, CA 55485"
205404,34in Ultrawide Monitor,3,379.99,11/14/19 23:51,"2233 Main St, Seattle, WA 95985"
205405,AA Batteries (4-pack),4,3.84,11/17/19 00:52,"8496 Main St, Seattle, WA 60027"
205406,iPhone,4,700.0,11/27/19 08:03,"9311 Main St, Boston, MA 83298"
205407,34in Ultrawide Monitor,1,379.99,11/03/19 12:34,"1819 Main St, New York, NY 62925"
205408,Apple Airpods Headphones,4,150.0,11/06/19 10:52,"3210 Main St, Seattle, WA 49051"
205409,27in FHD Monitor,1,149.99,11/20/19 00:22,"8379 Main St, Dallas, TX 89310"
205410,AA Batteries (4-pack),3,3.84,11/12/19 07:02,"8745 Main St, New York, NY 52005"
205411,Wired Headphones,4,11.99,11/16/19 06:28,"176 Main St, Boston, MA 61897"
205412,Lightning Charging Cable,2,14.95,11/23/19 17:21,"1924 Main St, New York, NY 55812"
205413,AAA Batteries (4-pack),1,2.99,11/25/19 02:26,"8589 Main St, Seattle, WA 38152"
205414,AA Batteries (4-pack),2,3.84,11/02/19 23:55,"9914 Main St, San Francisco, CA 58244"
205415,Wired Headphones,4,11.99,11/14/19 22:42,"5908 Main St, New York, NY 12982"
205416,USB-C Charging Cable,4,11.95,11/10/19 07:07,"3954 Main St, Los Angeles, CA 34017"
205417,AA Batteries (4-pack),4,3.84,11/05/19 14:42,"3339 Main St, San Francisco, CA 39317"
205418,Lightning Charging Cable,3,14.95,11/13/19 09:45,"9032 Main St, Seattle, WA 40362"
205419,iPhone,1,700.0,11/19/19 20:51,"1001 Main St, New York, NY 95809"
205420,34in Ultrawide Monitor,3,379.99,11/18/19 19:11,"2128 Main St, San Francisco, CA 45951"
205421,AA Batteries (4-pack),2,3.84,11/24/19 00:16,"4981 Main St, New York, NY 77368"
205422,AA Batteries (4-pack),4,3.84,11/18/19 23:42,"2840 Main St, Los Angeles, CA 20950"
205423,iPhone,4,700.0,11/02/19 08:23,"3938 Main St, Los Angeles, CA 37051"
205424,AAA Batteries (4-pack),3,2.99,11/23/19 05:04,"5153 Main St, Dallas, TX 83338"
205425,Wired Headphones,4,11.99,11/18/19 04:57,"7639 Main St, Dallas, TX 59767"
205426,iPhone,4,700.0,11/25/19 23:43,"5405 Main St, Los Angeles, CA 25808"
205427,34in Ultrawide Monitor,1,379.99,11/03/19 02:19,"1546 Main St, Seattle, WA 70092"
205428,34in Ultrawide Monitor,2,379.99,11/17/19 06:09,"3079 Main St, San Francisco, CA 94895"
205429,iPhone,2,700.0,11/24/19 10:40,"9298 Main St, San Francisco, CA 88115"
205430,Google Phone,2,600.0,11/06/19 23:38,"3942 Main St, Boston, MA 81262"
205431,AAA Batteries (4-pack),4,2.99,11/13/19 02:03,"2415 Main St, Los Angeles, CA 84869"
205432,USB-C Charging Cable,3,11.95,11/07/19 05:44,"4938 Main St, Seattle, WA 25509"
205433,iPhone,1,700.0,11/05/19 05:57,"761 Main St, New York, NY 95747"
205434,AA Batteries (4-pack),2,3.84,11/02/19 16:19,"29 Main St, Seattle, WA 46169"
205435,Apple Airpods Headphones,4,150.0,11/12/19 05:15,"3152 Main St, Dallas, TX 24880"
205436,Google Phone,4,600.0,11/07/19 19:14,"5445 Main St, Dallas, TX 73155"
205437,USB-C Charging Cable,2,11.95,11/14/19 01:34,"1166 Main St, Los Angeles, CA 86799"
205438,Lightning Charging Cable,4,14.95,11/05/19 10:20,"1991 Main St, Los Angeles, CA 46860"
205439,27in FHD Monitor,2,149.99,11/21/19 21:35,"3527 Main St, Dallas, TX 47541"
205440,Apple Airpods Headphones,1,150.0,11/09/19 16:26,"9972 Main St, New York, NY 56520"
205441,AAA Batteries (4-pack),1,2.99,11/02/19 16:13,"1198 Main St, Dallas, TX 23676"
205442,AAA Batteries (4-pack),3,2.99,11/04/19 03:34,"3935 Main St, Boston, MA 91950"
205443,Lightning Charging Cable,4,14.95,11/15/19 23:41,"932 Main St, Los Angeles, CA 31701"
205444,27in FHD Monitor,4,149.99,11/28/19 12:01,"794 Main St, San Francisco, CA 19433"
205445,27in FHD Monitor,1,149.99,11/06/19 16:26,"7655 Main St, Los Angeles, CA 32607"
205446,Google Phone,2,600.0,11/21/19 07:11,"674 Main St, Dallas, TX 63245"
205447,AAA Batteries (4-pack),4,2.99,11/21/19 19:03,"4573 Main St, Seattle, WA 94384"
205448,USB-C Charging Cable,1,11.95,11/09/19 02:33,"4202 Main St, Boston, MA 95593"
205449,34in Ultrawide Monitor,4,379.99,11/16/19 07:44,"2095 Main St, Seattle, WA 57862"
205450,Wired Headphones,4,11.99,11/09/19 09:20,"3970 Main St, New York, NY 56366"
205451,Apple Airpods Headphones,4,150.0,11/19/19 02:42,"8250 Main St, Dallas, TX 20521"
205452,34in Ultrawide Monitor,3,379.99,11/14/19 06:48,"3679 Main St, San Francisco, CA 51544"
205453,34in Ultrawide Monitor,3,379.99,11/14/19 07:02,"9928 Main St, Boston, MA 37680"
205454,Lightning Charging Cable,4,14.95,11/13/19 10:56,"5156 Main St, San Francisco, CA 40263"
205455,Lightning Charging Cable,2,14.95,11/04/19 08:59,"1503 Main St, New York, NY 44513"
205456,AA Batteries (4-pack),4,3.84,11/25/19 15:19,"2583 Main St, New York, NY 18191"
205457,AA Batteries (4-pack),1,3.84,11/01/19 18:01,"6429 Main St, Seattle, WA 94641"
205458,AAA Batteries (4-pack),3,2.99,11/23/19 08:42,"4775 Main St, San Francisco, CA 13687"
205459,AAA Batteries (4-pack),2,2.99,11/26/19 03:58,"7301 Main St, Dallas, TX 26457"
205460,Apple Airpods Headphones,1,150.0,11/10/19 17:29,"9279 Main St, San Francisco, CA 30063"
205461,Google Phone,1,600.0,11/11/19 21:09,"9960 Main St, San Francisco, CA 32585"
205462,iPhone,4,700.0,11/08/19 11:24,"5937 Main St, Dallas, TX 59930"
205463,AA Batteries (4-pack),3,3.84,11/14/19 18:02,"1311 Main St, Los Angeles, CA 84997"
205464,iPhone,1,700.0,11/19/19 19:53,"811 Main St, Boston, MA 13587"
205465,27in FHD Monitor,3,149.99,11/12/19 08:43,"3016 Main St, Dallas, TX 45617"
205466,USB-C Charging Cable,3,11.95,11/11/19 04:47,"220 Main St, New York, NY 64764"
205467,Apple Airpods Headphones,1,150.0,11/08/19 03:03,"1249 Main St, Boston, MA 35732"
205468,34in Ultrawide Monitor,3,379.99,11/13/19 21:49,"8591 Main St, Boston, MA 28730"
205469,AA Batteries (4-pack),4,3.84,11/17/19 13:21,"7870 Main St, New York, NY 84288"
205470,Lightning Charging Cable,2,14.95,11/22/19 20:34,"7120 Main St, San Francisco, CA 52672"
205471,USB-C Charging Cable,4,11.95,11/15/19 03:28,"2124 Main St, Boston, MA 68709"
205472,AA Batteries (4-pack),4,3.84,11/03/19 14:16,"762 Main St, Seattle, WA 35677"
205473,34in Ultrawide Monitor,4,379.99,11/12/19 13:00,"1879 Main St, Seattle, WA 62877"
205474,Google Phone,3,600.0,11/16/19 11:36,"5547 Main St, San Francisco, CA 70278"
205475,34in Ultrawide Monitor,1,379.99,11/01/19 08:07,"3937 Main St, Dallas, TX 24682"
205476,iPhone,3,700.0,11/07/19 10:01,"1599 Main St, Dallas, TX 94236"
205477,AAA Batteries (4-pack),3,2.99,11/10/19 21:54,"2378 Main St, New York, NY 64627"
205478,Google Phone,1,600.0,11/24/19 05:18,"709 Main St, Seattle, WA 56620"
205479,Google Phone,4,600.0,11/01/19 02:56,"6097 Main St, Dallas, TX 41296"
205480,AA Batteries (4-pack),1,3.84,11/16/19 15:17,"5785 Main St, Seattle, WA 60370"
205481,34in Ultrawide Monitor,3,379.99,11/07/19 18:25,"2853 Main St, Dallas, TX 20257"
205482,Apple Airpods Headphones,3,150.0,11/02/19 22:54,"8484 Main St, New York, NY 73276"
205483,Apple Airpods Headphones,2,150.0,11/03/19 01:13,"7602 Main St, New York, NY 65685"
205484,Google Phone,4,600.0,11/14/19 19:19,"4659 Main St, San Francisco, CA 73205"
205485,AAA Batteries (4-pack),4,2.99,11/26/19 06:00,"6541 Main St, Los Angeles, CA 98576"
205486,Apple Airpods Headphones,4,150.0,11/13/19 18:56,"3715 Main St, San Francisco, CA 90466"
205487,Wired Headphones,2,11.99,11/20/19 16:06,"6792 Main St, Seattle, WA 19796"
205488,USB-C Charging Cable,1,11.95,11/10/19 02:29,"7514 Main St, Boston, MA 34062"
205489,USB-C Charging Cable,2,11.95,11/09/19 22:49,"1400 Main St, San Francisco, CA 80953"
205490,Lightning Charging Cable,1,14.95,11/15/19 08:19,"8822 Main St, New York, NY 48286"
205491,USB-C Charging Cable,1,11.95,11/18/19 20:38,"3731 Main St, New York, NY 42646"
205492,AAA Batteries (4-pack),2,2.99,11/23/19 05:45,"4933 Main St, Los Angeles, CA 92705"
205493,27in FHD Monitor,4,149.99,11/20/19 22:35,"5956 Main St, Seattle, WA 18379"
205494,AA Batteries (4-pack),3,3.84,11/14/19 20:07,"4179 Main St, Dallas, TX 33638"
205495,iPhone,1,700.0,11/05/19 18:01,"9134 Main St, Boston, MA 41757"
205496,Lightning Charging Cable,3,14.95,11/13/19 17:39,"5114 Main St, San Francisco, CA 50398"
205497,AAA Batteries (4-pack),4,2.99,11/16/19 14:44,"8449 Main St, Dallas, TX 69188"
205498,AA Batteries (4-pack),1,3.84,11/10/19 16:24,"8202 Main St, Dallas, TX 23314"
205499,iPhone,2,700.0,11/11/19 14:53,"4751 Main St, Los Angeles, CA 40123"
